﻿<?xml version="1.0"?>
<doc>
<assembly>
<name>
ApartmentUpdate
</name>
</assembly>
<members>
<member name="T:ApartmentUpdate.My.Resources.Resources">
<summary>
  A strongly-typed resource class, for looking up localized strings, etc.
</summary>
</member>
<member name="P:ApartmentUpdate.My.Resources.Resources.ResourceManager">
<summary>
  Returns the cached ResourceManager instance used by this class.
</summary>
</member>
<member name="P:ApartmentUpdate.My.Resources.Resources.Culture">
<summary>
  Overrides the current thread's CurrentUICulture property for all
  resource lookups using this strongly typed resource class.
</summary>
</member>
<member name="P:ApartmentUpdate.My.Resources.Resources.cloud_sync">
<summary>
  Looks up a localized resource of type System.Drawing.Bitmap.
</summary>
</member>
<member name="P:ApartmentUpdate.My.Resources.Resources.information">
<summary>
  Looks up a localized resource of type System.Drawing.Bitmap.
</summary>
</member>
<member name="P:ApartmentUpdate.My.Resources.Resources.man">
<summary>
  Looks up a localized resource of type System.Drawing.Bitmap.
</summary>
</member>
<member name="P:ApartmentUpdate.My.Resources.Resources.man__1_">
<summary>
  Looks up a localized resource of type System.Drawing.Bitmap.
</summary>
</member>
<member name="P:ApartmentUpdate.My.Resources.Resources.power_button_off">
<summary>
  Looks up a localized resource of type System.Drawing.Bitmap.
</summary>
</member>
<member name="P:ApartmentUpdate.My.Resources.Resources.previous">
<summary>
  Looks up a localized resource of type System.Drawing.Bitmap.
</summary>
</member>
</members>
</doc>
